timestamp,soilMoisture,waterLevel,tilt,vibration,distance
2026-06-14T18:40:21.845Z,75,12,2.5,1,98
2026-06-14T20:27:52.519Z,31,0,0,0,0
2026-06-14T20:28:20.137Z,30,0,0,0,0
2026-06-14T20:28:51.737Z,30,0,0,0,0
2026-06-14T20:29:23.665Z,29,0,0,0,0
2026-06-14T20:29:57.951Z,30,0,0,0,0
2026-06-14T20:30:26.390Z,96,0,0,0,0
2026-06-14T20:30:58.262Z,28,0,0,0,0
2026-06-14T20:31:30.450Z,88,0,0,0,0
2026-06-14T20:32:00.376Z,95,0,0,0,0
2026-06-14T20:32:32.097Z,92,0,0,0,0
2026-06-14T20:33:03.643Z,93,0,0,0,0
2026-06-14T20:33:35.086Z,59,0,0,0,0
2026-06-14T20:34:06.836Z,5,0,0,0,0
2026-06-14T20:34:38.461Z,6,0,0,0,0
2026-06-14T20:35:10.196Z,5,0,0,0,0
2026-06-14T20:35:41.949Z,6,0,0,0,0
2026-06-14T20:36:13.632Z,6,0,0,0,0
2026-06-14T20:36:45.240Z,5,0,0,0,0
2026-06-14T20:37:16.687Z,5,0,0,0,0
2026-06-14T20:37:48.208Z,6,0,0,0,0
2026-06-14T20:38:19.851Z,5,0,0,0,0
2026-06-14T20:38:51.699Z,5,0,0,0,0
2026-06-14T20:39:23.264Z,6,0,0,0,0
2026-06-14T20:39:54.762Z,6,0,0,0,0
2026-06-14T20:40:26.514Z,5,0,0,0,0
2026-06-15T06:52:17.082Z,8,0,0,0,0
2026-06-15T06:52:48.788Z,53,0,0,0,0
2026-06-15T06:53:20.487Z,54,0,0,0,0
2026-06-15T06:53:52.245Z,87,0,0,0,0
2026-06-15T06:54:23.816Z,87,0,0,0,0
2026-06-15T06:54:56.053Z,86,0,0,0,0
2026-06-15T06:55:25.695Z,85,0,0,0,0
2026-06-15T06:55:57.364Z,85,0,0,0,0
2026-06-15T06:56:29.663Z,85,0,0,0,0
2026-06-15T06:56:59.237Z,85,0,0,0,0
2026-06-15T06:57:30.774Z,85,0,0,0,0
2026-06-15T06:58:02.287Z,85,0,0,0,0
2026-06-15T07:45:42.213Z,27,0,0,0,0
2026-06-15T07:46:13.862Z,26,0,0,0,0
2026-06-15T07:46:45.618Z,26,0,0,0,0
2026-06-15T07:47:17.096Z,25,0,0,0,0
2026-06-15T07:47:49.270Z,25,0,0,0,0
2026-06-15T07:48:19.066Z,24,0,0,0,0
2026-06-15T07:48:50.815Z,24,0,0,0,0
2026-06-15T07:49:22.279Z,23,0,0,0,0
2026-06-15T07:49:53.818Z,23,0,0,0,0
2026-06-15T07:50:26.446Z,22,0,0,0,0
2026-06-15T09:43:05.178Z,11,0,0,0,0
2026-06-15T09:43:36.531Z,11,0,0,0,0
2026-06-15T09:44:07.673Z,11,0,0,0,0
2026-06-15T09:44:39.261Z,11,0,0,0,0
2026-06-15T09:45:10.811Z,10,0,0,0,0
2026-06-15T09:45:42.110Z,10,0,0,0,0
2026-06-15T09:46:13.860Z,9,0,0,0,0
2026-06-15T09:46:45.389Z,10,0,0,0,0
2026-06-15T09:48:13.970Z,9,0,139.5298,0,0
2026-06-15T09:48:45.388Z,9,0,139.5298,0,0
2026-06-15T09:49:16.728Z,9,0,139.5298,0,0
2026-06-15T09:49:48.351Z,9,0,139.5298,0,0
2026-06-15T09:50:20.563Z,9,0,139.5298,0,0
2026-06-15T09:50:50.283Z,9,0,139.5298,0,0
2026-06-15T09:51:22.021Z,10,0,139.5298,0,0
2026-06-15T09:51:53.553Z,9,0,139.5298,0,0
2026-06-15T09:52:25.014Z,9,0,139.5298,0,0
2026-06-15T09:52:56.761Z,10,0,139.5298,0,0
2026-06-15T09:53:28.226Z,9,0,139.5298,0,0
2026-06-15T09:53:59.562Z,10,0,139.5298,0,0
2026-06-15T09:54:31.539Z,9,0,139.5298,0,0
2026-06-15T09:55:03.053Z,9,0,139.5298,0,0
2026-06-15T09:55:34.569Z,9,0,139.5298,0,0
2026-06-15T09:56:06.491Z,9,0,139.5298,0,0
2026-06-15T09:56:37.868Z,9,0,139.5298,0,0
2026-06-15T09:57:09.427Z,9,0,139.5298,0,0
2026-06-15T09:57:40.964Z,9,0,139.5298,0,0
2026-06-15T09:58:12.573Z,10,0,139.5298,0,0
2026-06-15T09:58:44.012Z,10,0,139.5298,0,0
2026-06-15T09:59:08.451Z,9,0,139.5298,0,0
2026-06-15T09:59:24.379Z,8,0,139.5298,0,0
2026-06-15T09:59:56.251Z,9,0,139.5298,0,0
2026-06-15T10:00:27.646Z,9,0,139.5298,0,0
2026-06-15T10:00:59.478Z,10,0,139.5298,0,0
2026-06-15T10:01:30.941Z,10,0,139.5298,0,0
2026-06-15T10:02:02.311Z,9,0,139.5298,0,0
2026-06-15T10:02:34.867Z,9,0,139.5298,0,0
2026-06-15T10:03:57.290Z,10,0,0,0,0
2026-06-15T10:04:29.843Z,10,0,0,0,0
2026-06-15T10:05:00.105Z,9,0,0,0,0
2026-06-15T10:05:30.564Z,9,0,0,0,0
2026-06-15T10:06:01.435Z,10,0,0,0,0
2026-06-15T10:06:31.727Z,9,0,0,0,0
2026-06-15T10:07:01.902Z,9,0,0,0,0
2026-06-15T10:07:32.334Z,9,0,0,0,0
2026-06-15T10:08:01.953Z,9,0,0,0,0
2026-06-15T10:08:33.578Z,10,0,0,0,0
2026-06-15T10:09:05.308Z,9,0,0,0,0
2026-06-15T10:09:36.852Z,10,0,0,0,0
2026-06-15T10:10:08.388Z,10,0,0,0,0
2026-06-15T10:10:40.357Z,9,0,0,0,0
2026-06-15T10:11:12.003Z,9,0,0,0,0
2026-06-15T10:11:49.250Z,9,0,0,0,0
2026-06-15T10:12:16.771Z,9,0,0,0,0
2026-06-15T10:12:46.439Z,9,0,0,0,0
2026-06-15T10:13:18.050Z,9,0,0,0,0
2026-06-15T10:13:47.079Z,8,0,0,0,0
2026-06-15T10:14:18.686Z,9,0,0,0,0
2026-06-15T10:14:50.615Z,9,0,0,0,0
2026-06-15T10:15:02.847Z,9,0,0,0,0
2026-06-15T10:15:34.357Z,9,0,0,0,0
2026-06-15T10:16:06.028Z,9,0,0,0,0
2026-06-15T10:16:38.571Z,9,0,0,0,0
2026-06-15T10:17:08.331Z,9,0,0,0,0
2026-06-15T10:17:40.040Z,9,0,0,0,0
2026-06-15T10:18:11.624Z,9,0,0,0,0
2026-06-15T10:18:25.515Z,9,0,0,0,0
2026-06-15T10:18:55.143Z,9,0,0,0,0
2026-06-15T10:19:26.796Z,9,0,0,0,0
2026-06-15T10:19:58.757Z,8,0,0,0,0
2026-06-15T10:20:28.475Z,9,0,0,0,0
2026-06-15T10:20:58.685Z,9,0,0,0,0
2026-06-15T10:21:29.350Z,9,0,0,0,0
2026-06-15T10:21:59.188Z,9,0,0,0,0
2026-06-15T10:22:30.888Z,54,0,0,0,0
2026-06-15T10:23:02.629Z,92,0,0,0,0
2026-06-15T10:23:34.632Z,90,0,0,0,0
2026-06-15T10:24:06.377Z,91,0,0,0,0
2026-06-15T10:24:38.115Z,91,0,0,0,0
2026-06-15T10:25:22.355Z,24,0,0,0,0
2026-06-15T10:25:54.430Z,25,0,0,0,0
2026-06-15T10:26:24.158Z,25,0,0,0,0
2026-06-15T10:26:59.105Z,25,0,0,0,0
2026-06-15T10:27:30.901Z,24,0,0,0,0
2026-06-15T10:28:03.071Z,25,0,0,0,0
2026-06-15T10:28:32.994Z,25,0,0,0,0
2026-06-15T10:29:03.128Z,25,0,0,0,0
2026-06-15T10:29:32.977Z,25,0,0,0,0
2026-06-15T10:30:05.534Z,25,0,0,0,0
2026-06-15T10:30:35.621Z,25,0,0,0,0
2026-06-15T10:30:43.804Z,24,0,0,0,0
2026-06-15T10:31:09.030Z,24,0,0,0,0
2026-06-15T10:31:32.464Z,24,0,0,0,0
2026-06-15T10:32:02.294Z,24,0,0,0,0
2026-06-15T10:32:33.977Z,24,0,0,0,0
2026-06-15T10:33:06.174Z,24,0,0,0,0
2026-06-15T10:33:24.007Z,24,0,0,0,0
2026-06-15T10:33:53.803Z,25,0,0,0,0
2026-06-15T10:34:05.782Z,24,0,0,0,0
2026-06-15T10:34:38.029Z,25,0,0,0,0
2026-06-15T10:35:08.014Z,25,0,0,0,0
2026-06-15T10:35:40.587Z,25,0,0,0,0
2026-06-15T10:36:08.415Z,24,0,0,0,0
2026-06-15T10:36:40.284Z,24,0,0,0,0
2026-06-15T10:37:12.491Z,24,0,0,0,0
2026-06-15T10:37:42.384Z,24,0,0,0,0
2026-06-15T10:38:14.309Z,24,0,0,0,0
2026-06-15T10:38:46.475Z,24,0,0,0,0
2026-06-15T10:39:16.747Z,20,0,0,0,0
2026-06-15T10:39:41.363Z,12,0,0,0,0
2026-06-15T10:40:04.588Z,12,0,0,0,0
2026-06-15T10:41:55.369Z,11,0,0,0,0
2026-06-15T10:42:27.220Z,19,0,0,0,0
2026-06-15T10:42:33.108Z,19,0,0,0,0
2026-06-15T10:43:04.967Z,19,0,0,0,0
2026-06-15T10:43:36.516Z,19,0,0,0,0
2026-06-15T10:44:08.046Z,19,0,0,0,0
2026-06-15T10:44:39.601Z,19,0,0,0,0
2026-06-15T10:45:11.784Z,19,0,0,0,0
2026-06-15T10:45:43.299Z,19,0,0,0,0
2026-06-15T10:46:13.811Z,20,0,0,0,0
2026-06-15T10:46:44.019Z,19,0,0,0,0
2026-06-15T10:47:16.121Z,19,0,0,0,0
2026-06-15T10:47:46.288Z,20,0,0,0,0
2026-06-15T10:48:16.996Z,20,0,0,0,0
2026-06-15T10:48:46.998Z,20,0,0,0,0
2026-06-15T10:49:18.529Z,19,0,0,0,0
2026-06-15T10:49:50.137Z,20,0,0,0,0
2026-06-15T10:50:32.480Z,19,0,0,0,0
2026-06-15T10:51:03.827Z,19,0,0,0,0
2026-06-15T10:51:35.580Z,19,0,0,0,0
2026-06-15T10:52:06.902Z,20,0,0,0,0
2026-06-15T10:52:38.668Z,19,0,0,0,0
2026-06-15T10:53:10.451Z,19,0,0,0,0
2026-06-15T10:53:41.716Z,19,0,0,0,0
2026-06-15T10:54:13.054Z,19,0,0,0,0
2026-06-15T10:54:44.391Z,19,0,0,0,0
2026-06-15T10:55:15.732Z,19,0,0,0,0
2026-06-15T10:55:47.053Z,19,0,0,0,0
2026-06-15T10:56:18.402Z,19,0,0,0,0
2026-06-15T10:56:49.755Z,19,0,0,0,0
2026-06-15T10:57:21.053Z,18,0,0,0,0
2026-06-15T10:57:52.391Z,9,0,0,0,0
2026-06-15T10:58:24.024Z,9,0,0,0,0
2026-06-15T10:58:58.153Z,9,0,0,0,0
2026-06-15T10:59:29.902Z,9,0,0,0,0
2026-06-15T11:00:01.227Z,8,0,0,0,0
2026-06-15T11:00:32.553Z,9,0,0,0,0
2026-06-15T11:01:03.915Z,9,0,0,0,0
2026-06-15T11:01:35.240Z,9,0,0,0,0
2026-06-15T11:02:06.976Z,9,0,0,0,0
2026-06-15T11:02:38.307Z,9,0,0,0,0
2026-06-15T11:03:09.823Z,9,0,0,0,0
2026-06-15T11:03:41.450Z,9,0,0,0,0
2026-06-15T11:04:12.988Z,8,0,0,0,0
2026-06-15T11:04:44.242Z,9,0,0,0,0
2026-06-15T11:05:15.793Z,9,0,0,0,0
2026-06-15T11:05:47.172Z,9,0,0,0,0
2026-06-15T11:06:18.895Z,9,0,0,0,0
2026-06-15T11:06:50.221Z,9,0,0,0,0
2026-06-15T11:07:21.733Z,9,0,0,0,0
2026-06-15T11:07:53.090Z,10,0,0,0,0
2026-06-15T11:08:24.843Z,9,0,0,0,0
2026-06-15T11:08:56.279Z,8,0,0,0,0
2026-06-15T11:09:28.120Z,9,0,0,1,0
2026-06-15T11:10:00.046Z,9,0,0,0,0
2026-06-15T11:10:31.437Z,9,0,0,0,0
2026-06-15T11:11:03.132Z,8,0,0,0,0
2026-06-15T11:11:34.732Z,9,0,0,0,0
2026-06-15T11:12:06.228Z,9,0,0,0,0
2026-06-15T11:12:37.975Z,9,0,0,0,0
2026-06-15T11:13:09.502Z,9,0,0,0,0
2026-06-15T11:13:41.447Z,9,0,0,0,0
2026-06-15T11:14:13.471Z,62,0,0,0,0
2026-06-15T11:14:44.929Z,51,0,0,0,0
2026-06-15T11:15:16.884Z,51,0,0,0,0
2026-06-15T11:15:46.420Z,34,0,0,0,0
2026-06-15T11:16:17.914Z,33,0,0,0,0
2026-06-15T11:16:49.451Z,33,0,0,0,0
2026-06-15T11:17:20.790Z,33,0,0,0,0
2026-06-15T11:17:52.116Z,32,0,0,0,0
2026-06-15T11:18:23.470Z,32,0,0,0,0
2026-06-15T11:18:55.200Z,32,0,0,0,0
2026-06-15T11:19:26.814Z,32,0,0,0,0
2026-06-15T11:19:58.288Z,32,0,0,0,0
2026-06-15T11:20:29.825Z,32,0,0,0,0
2026-06-15T11:21:01.361Z,32,0,0,0,0
2026-06-15T11:22:04.144Z,33,0,0,0,0
2026-06-15T11:22:35.830Z,32,0,0,0,0
2026-06-15T11:23:07.092Z,32,0,0,0,0
2026-06-15T11:23:38.448Z,32,0,0,0,0
2026-06-15T11:24:09.809Z,33,0,0,0,0
2026-06-15T11:24:41.821Z,32,0,0,0,0
2026-06-15T11:25:11.287Z,32,0,0,0,0
2026-06-15T11:25:43.000Z,32,0,0,0,0
2026-06-15T11:26:14.581Z,32,0,0,0,0
2026-06-15T11:26:46.316Z,32,0,0,0,0
2026-06-15T11:27:17.948Z,32,0,0,0,0
2026-06-15T11:27:49.665Z,32,0,0,0,0
2026-06-15T11:28:21.055Z,32,0,0,1,0
2026-06-15T11:28:52.675Z,36,0,0,1,0
2026-06-15T11:29:24.543Z,27,0,0,0,0
2026-06-15T11:29:56.287Z,27,0,0,0,0
2026-06-15T11:30:27.643Z,26,0,0,1,0
2026-06-15T11:30:59.034Z,27,0,0,0,0
2026-06-15T11:31:30.923Z,27,0,0,0,0
2026-06-15T11:32:02.665Z,27,0,0,0,0
2026-06-15T11:32:34.014Z,26,0,0,1,0
2026-06-15T11:33:05.725Z,27,0,0,1,0
2026-06-15T11:33:37.156Z,27,0,0,0,0
2026-06-15T11:34:08.861Z,27,0,0,0,0
2026-06-15T11:34:40.167Z,26,0,0,0,0
2026-06-15T11:35:12.170Z,26,0,0,0,0
2026-06-15T11:58:36.658Z,8,0,0,0,0
2026-06-15T11:59:08.298Z,9,0,0,1,0
2026-06-15T11:59:40.065Z,8,0,0,1,0
2026-06-15T12:00:12.022Z,8,0,0,0,0
2026-06-15T12:00:43.763Z,8,0,0,1,0
2026-06-15T12:01:15.894Z,21,0,0,1,0
2026-06-15T12:01:45.371Z,8,0,0,0,0
2026-06-15T12:02:17.542Z,8,0,0,0,0
2026-06-15T12:02:47.134Z,8,0,0,0,0
2026-06-15T12:03:19.198Z,25,0,0,0,0
2026-06-15T12:03:50.958Z,8,0,0,0,0
2026-06-15T12:04:22.710Z,8,0,0,0,0
2026-06-15T12:04:54.838Z,8,0,0,0,0
2026-06-15T12:05:24.504Z,8,0,0,0,0
2026-06-15T12:05:56.829Z,8,0,0,0,0
2026-06-15T12:06:20.662Z,7,0,0,0,0
2026-06-15T12:06:52.198Z,8,0,0,0,0
2026-06-15T12:07:23.953Z,8,0,0,0,0
2026-06-15T12:08:14.538Z,7,0,0,0,0
2026-06-15T12:08:46.153Z,7,0,0,0,0
2026-06-15T12:09:18.342Z,8,0,0,0,0
2026-06-15T12:10:42.809Z,8,0,0,0,0
2026-06-15T12:11:14.423Z,8,0,0,1,0
2026-06-15T12:11:46.502Z,8,0,0,1,0
2026-06-15T12:12:19.008Z,8,0,0,4,0
2026-06-15T12:12:48.860Z,8,0,0,0,0
2026-06-15T12:13:20.903Z,8,0,0,0,0
2026-06-15T12:13:52.875Z,8,0,0,0,0
2026-06-15T12:14:24.494Z,9,0,0,0,0
2026-06-15T12:14:56.992Z,8,0,0,0,0
2026-06-15T12:15:26.853Z,8,0,0,0,0
2026-06-15T12:15:59.027Z,8,0,0,0,0
2026-06-15T12:16:29.954Z,8,0,0,0,0
2026-06-15T12:17:00.288Z,8,0,0,5,0
2026-06-15T12:17:30.341Z,7,0,0,14,0
2026-06-15T12:18:02.104Z,8,0,0,0,0
2026-06-15T12:18:34.061Z,7,0,0,0,0
2026-06-15T12:19:05.899Z,100,0,0,0,0
2026-06-15T12:19:38.106Z,100,0,0,0,0
2026-06-15T12:20:08.060Z,5,0,0,2,0
2026-06-15T12:20:40.058Z,4,0,0,0,0
2026-06-15T12:21:09.708Z,4,0,0,0,0
2026-06-15T12:21:41.687Z,4,0,0,0,0
2026-06-15T12:22:13.494Z,8,0,0,0,0
2026-06-15T12:22:45.333Z,8,0,0,0,0
2026-06-15T12:23:17.516Z,7,0,0,0,0
2026-06-15T12:23:47.384Z,8,0,0,0,0
2026-06-15T12:24:19.109Z,8,0,0,9,0
2026-06-15T12:24:50.882Z,8,0,0,0,0
2026-06-15T12:25:23.035Z,7,0,0,0,0
2026-06-15T12:25:52.960Z,8,0,0,0,0
2026-06-15T12:26:25.605Z,8,0,0,0,0
2026-06-15T12:26:55.513Z,8,0,0,0,0
2026-06-15T12:28:41.767Z,8,83,0,0,0
2026-06-15T12:29:11.704Z,8,94,0,0,0
2026-06-15T12:29:44.066Z,7,79,0,0,0
2026-06-15T12:30:13.866Z,7,100,0,0,0
2026-06-15T12:30:45.800Z,7,100,0,0,0
2026-06-15T12:31:17.969Z,7,100,0,0,0
2026-06-15T12:31:47.847Z,8,98,0,0,0
2026-06-15T12:32:19.803Z,8,99,0,0,0
2026-06-15T12:32:36.315Z,85,0,0,0,0
2026-06-15T12:33:07.000Z,7,0,0,0,0
2026-06-15T12:33:37.225Z,8,3,0,5,0
2026-06-15T12:34:07.079Z,8,21,0,2,0
2026-06-15T12:34:38.753Z,8,0,0,0,0
2026-06-15T12:35:10.371Z,8,0,0,0,0
2026-06-15T12:35:42.152Z,8,0,0,0,0
2026-06-15T12:36:14.622Z,8,0,0,0,0
2026-06-15T12:36:44.855Z,8,0,0,0,0
2026-06-15T12:37:15.418Z,7,0,0,0,0
2026-06-15T12:37:45.456Z,8,2,0,0,0
2026-06-15T12:38:17.693Z,7,2,0,0,0
2026-06-15T12:38:47.699Z,9,1,0,0,0
2026-06-15T12:39:19.659Z,8,0,0,0,0
2026-06-15T12:39:51.618Z,8,0,0,0,0
2026-06-15T12:40:24.044Z,8,1,0,0,0
2026-06-15T12:40:54.064Z,8,0,0,0,0
2026-06-15T12:41:25.835Z,8,2,0,0,0
2026-06-15T12:41:57.763Z,8,2,0,0,0
2026-06-15T12:42:29.709Z,8,2,0,0,0
2026-06-15T12:43:01.686Z,8,0,0,0,0
2026-06-15T12:43:34.324Z,10,8,0,0,0
2026-06-15T12:44:04.337Z,12,9,0,0,0
2026-06-15T12:44:36.092Z,9,0,0,1,0
2026-06-15T12:45:08.055Z,9,0,0,0,0
2026-06-15T12:45:39.962Z,8,1,0,0,0
2026-06-15T12:46:11.905Z,9,0,0,0,0
2026-06-15T12:46:43.641Z,8,0,0,0,0
2026-06-15T12:47:15.300Z,8,0,0,0,0
2026-06-15T12:47:47.343Z,33,82,0,3,0
2026-06-15T12:48:19.306Z,8,0,0,0,0
2026-06-15T12:48:51.252Z,8,0,0,5,0
2026-06-15T12:49:22.996Z,8,0,0,0,0
2026-06-15T12:49:54.980Z,8,0,0,0,0
2026-06-15T12:50:26.707Z,8,0,0,0,0
2026-06-15T12:50:58.636Z,8,0,0,0,0
2026-06-15T12:51:30.818Z,8,0,0,0,0
2026-06-15T12:52:01.212Z,8,0,0,0,0
2026-06-15T12:52:31.094Z,8,0,0,0,0
2026-06-15T12:53:03.152Z,8,0,0,0,0
2026-06-15T12:53:35.116Z,8,0,0,0,0
2026-06-15T12:54:07.458Z,8,0,0,0,0
2026-06-15T12:54:37.564Z,8,0,0,0,0
2026-06-15T12:55:07.475Z,8,0,0,0,0
2026-06-15T12:55:39.412Z,8,0,0,0,0
2026-06-15T12:56:11.588Z,8,10,0,0,0
2026-06-15T12:56:41.468Z,8,0,0,0,0
2026-06-15T12:57:13.425Z,8,0,0,0,0
2026-06-15T12:57:45.372Z,8,0,0,0,0
2026-06-15T12:58:17.218Z,8,75,0,0,0
2026-06-15T12:58:49.059Z,7,21,0,0,0
2026-06-15T12:59:20.806Z,8,0,0,0,0
2026-06-15T12:59:52.637Z,8,2,0,0,0
2026-06-15T13:00:24.521Z,8,0,0,0,0
2026-06-15T13:00:56.465Z,8,0,0,0,0
2026-06-15T13:01:28.298Z,8,2,0,0,0
2026-06-15T13:02:00.663Z,8,1,0,0,0
2026-06-15T13:02:30.649Z,8,1,0,0,0
2026-06-15T13:03:02.614Z,8,2,0,0,0
2026-06-15T13:03:34.863Z,8,1,0,0,0
2026-06-15T13:04:04.667Z,8,2,0,0,0
2026-06-15T13:04:36.480Z,8,3,0,0,0
2026-06-15T13:05:08.341Z,8,3,0,0,0
2026-06-15T13:05:40.528Z,8,3,0,0,0
2026-06-15T13:06:10.414Z,8,3,0,0,0
2026-06-15T13:06:42.144Z,8,7,0,0,0
2026-06-15T13:07:14.127Z,8,99,0,0,0
2026-06-15T13:07:46.584Z,8,12,0,0,0
2026-06-15T13:08:16.472Z,8,9,0,0,0
2026-06-15T13:08:44.821Z,8,1,0,0,0
2026-06-15T13:09:16.776Z,8,1,0,0,0
2026-06-15T13:09:48.598Z,8,0,0,0,0
2026-06-15T13:10:20.898Z,8,0,0,0,0
2026-06-15T13:10:51.448Z,8,0,0,0,0
2026-06-15T13:11:21.906Z,8,0,0,0,0
2026-06-15T13:11:53.252Z,8,1,0,0,0
2026-06-15T13:12:23.781Z,8,0,0,0,0
2026-06-15T13:12:54.272Z,8,0,0,0,0
2026-06-15T13:13:24.478Z,8,0,0,1,0
2026-06-15T13:13:54.533Z,8,0,0,3,0
2026-06-15T13:14:24.636Z,8,68,0,3,0
2026-06-15T13:14:54.743Z,8,20,0,4,0
2026-06-15T13:15:25.114Z,8,0,0,0,0
2026-06-15T13:15:56.488Z,8,0,0,0,0
2026-06-15T13:16:26.585Z,8,0,0,0,0
2026-06-15T13:16:57.063Z,8,0,0,0,0
2026-06-15T13:18:38.698Z,8,0,0,0,0
2026-06-15T13:19:09.176Z,8,0,0,0,0
2026-06-15T13:19:39.675Z,8,0,0,0,0
2026-06-15T13:20:10.208Z,8,0,0,0,0
2026-06-15T13:20:40.253Z,8,0,0,0,0
2026-06-15T13:21:11.957Z,8,0,0,0,0
2026-06-15T13:21:42.102Z,8,0,0,0,0
2026-06-15T13:22:12.567Z,8,0,0,0,0
2026-06-15T13:22:42.731Z,8,0,0,0,0
2026-06-15T13:24:11.041Z,58,77,0,0,0
2026-06-15T13:24:41.491Z,7,0,0,4,0
2026-06-15T13:25:11.877Z,7,0,0,0,0
2026-06-15T13:25:42.382Z,7,0,0,0,0
2026-06-15T13:26:13.923Z,8,0,0,0,0
2026-06-15T13:26:44.448Z,8,0,0,0,0
2026-06-15T13:27:14.955Z,8,0,0,0,0
2026-06-15T13:27:45.470Z,7,0,0,0,0
2026-06-15T13:28:16.042Z,8,0,0,0,0
2026-06-15T13:28:46.333Z,8,0,0,0,0
2026-06-15T13:29:16.700Z,8,0,0,0,0
2026-06-15T13:29:46.855Z,8,0,0,0,0
2026-06-15T13:30:17.342Z,8,0,0,0,0
2026-06-15T13:30:47.832Z,8,5,0,0,0
2026-06-15T13:31:18.207Z,8,0,0,0,0
2026-06-15T13:31:48.662Z,8,0,0,0,0
2026-06-15T13:32:18.803Z,8,0,0,0,0
2026-06-15T13:32:49.294Z,8,0,0,0,0
2026-06-15T13:33:19.723Z,8,0,0,0,0
2026-06-15T13:33:49.852Z,8,0,0,0,0
2026-06-15T13:34:20.324Z,8,0,0,0,0
2026-06-15T13:34:50.899Z,8,0,0,0,0
2026-06-15T13:35:21.241Z,8,0,0,0,0
2026-06-15T13:35:51.692Z,8,0,0,0,0
2026-06-15T13:36:18.132Z,7,100,0,0,0
2026-06-15T13:36:48.288Z,7,100,0,0,0
2026-06-15T13:37:18.810Z,7,100,0,0,0
2026-06-15T13:37:48.948Z,7,0,0,0,0
2026-06-15T13:38:19.067Z,8,0,0,0,0
2026-06-15T13:38:49.169Z,8,0,0,0,0
2026-06-15T13:39:19.272Z,8,0,0,0,0
2026-06-15T13:39:49.370Z,8,0,0,0,0
2026-06-15T13:40:19.862Z,8,0,0,0,0
2026-06-15T13:40:35.645Z,7,0,0,0,0
2026-06-15T13:40:57.682Z,70,0,0,0,0
2026-06-15T13:41:29.835Z,7,0,0,0,0
2026-06-15T13:42:00.000Z,7,0,0,0,0
2026-06-15T13:42:30.432Z,7,0,0,0,0
2026-06-15T13:43:00.558Z,6,0,0,0,0
2026-06-15T13:43:30.668Z,7,0,0,0,0
2026-06-15T13:44:01.144Z,8,1,0,0,0
2026-06-15T13:44:31.297Z,8,0,0,0,0
2026-06-15T13:45:01.300Z,8,0,0,0,0
2026-06-15T13:45:33.627Z,8,0,0,0,0
2026-06-15T13:46:04.118Z,7,0,0,0,0
2026-06-15T13:46:34.842Z,8,0,0,0,0
2026-06-15T13:47:05.520Z,8,0,0,0,0
2026-06-15T13:47:36.146Z,8,0,0,0,0
2026-06-15T13:48:06.234Z,8,0,0,0,0
2026-06-15T13:48:36.718Z,8,0,0,0,0
2026-06-15T13:49:04.455Z,8,0,0,0,0
2026-06-15T13:49:38.861Z,7,0,0,0,0
2026-06-15T13:50:09.595Z,8,0,0,0,0
2026-06-15T13:50:40.126Z,8,0,0,0,0
2026-06-15T13:51:10.242Z,7,0,0,0,0
2026-06-15T13:51:40.552Z,7,0,0,6,0
2026-06-15T13:52:11.025Z,7,81,0,1,0
2026-06-15T13:52:41.058Z,8,0,0,0,0
2026-06-15T13:53:11.553Z,8,0,0,0,0
2026-06-15T13:53:42.078Z,7,0,0,0,0
2026-06-15T13:54:12.640Z,8,0,0,0,0
2026-06-15T13:54:42.726Z,7,0,0,0,0
2026-06-15T13:55:13.246Z,8,0,0,0,0
2026-06-15T13:55:43.720Z,8,0,0,0,0
2026-06-15T16:59:26.708Z,6,31,0,0,0
2026-06-15T16:59:57.092Z,5,26,0,0,0
2026-06-15T17:00:27.203Z,99,56,0,0,0
2026-06-15T17:00:57.190Z,100,80,0,0,0
2026-06-15T17:01:27.407Z,5,0,0,0,0
2026-06-15T17:01:57.132Z,5,1,0,0,0
2026-06-15T17:02:29.552Z,5,2,0,0,0
2026-06-15T17:02:59.985Z,5,4,0,0,0
2026-06-15T17:03:29.762Z,5,6,0,0,0
2026-06-15T17:04:01.719Z,5,6,0,0,0
2026-06-15T17:04:34.128Z,5,6,0,0,0
2026-06-15T17:05:03.970Z,5,6,0,0,0
2026-06-15T17:05:36.025Z,5,7,0,0,0
2026-06-15T17:06:07.881Z,5,7,0,0,0
2026-06-15T17:06:40.149Z,5,7,0,0,0
2026-06-15T17:07:10.056Z,5,8,0,0,0
2026-06-15T17:07:42.095Z,5,7,0,1,0
2026-06-15T17:08:13.536Z,5,7,0,0,0
2026-06-15T17:08:43.422Z,5,7,0,0,0
2026-06-15T17:09:16.003Z,6,6,0,0,0
2026-06-15T17:09:46.113Z,5,7,0,0,0
2026-06-15T17:10:15.908Z,5,7,0,0,0
2026-06-15T17:10:48.651Z,4,7,0,0,0
2026-06-15T17:11:18.882Z,5,6,0,0,0
2026-06-15T17:11:50.209Z,5,7,0,0,0
2026-06-16T06:30:45.216Z,8,0,0,0,0
2026-06-16T07:30:26.330Z,9,0,0,0,0
2026-06-16T07:30:56.264Z,10,1,0,0,0
2026-06-16T07:31:28.074Z,9,0,0,0,0
2026-06-16T07:31:59.762Z,8,0,0,1,0
2026-06-16T07:32:31.629Z,9,0,0,0,0
2026-06-16T07:33:03.786Z,9,0,0,0,0
2026-06-16T07:33:35.384Z,9,0,0,0,0
2026-06-16T07:34:07.211Z,9,0,0,0,0
2026-06-16T07:34:39.255Z,9,1,0,0,0
2026-06-16T07:35:09.652Z,9,0,0,0,0
2026-06-16T09:06:11.230Z,9,0,0,0,0
2026-06-16T09:06:41.150Z,9,0,0,0,0
2026-06-16T09:07:11.098Z,9,0,0,0,0
2026-06-16T09:07:43.035Z,94,0,0,0,0
2026-06-16T09:08:14.784Z,9,7,0,0,0
2026-06-16T09:08:46.556Z,9,9,0,1,0
2026-06-16T09:09:19.065Z,9,4,0,5,0
2026-06-16T09:09:49.115Z,9,3,0,7,0
2026-06-16T09:10:20.696Z,100,4,0,0,0
2026-06-16T09:10:52.639Z,100,91,0,0,0
2026-06-16T09:11:24.423Z,9,45,0,0,0
2026-06-16T09:11:56.467Z,9,25,0,0,0
2026-06-16T09:12:28.226Z,9,22,0,0,0
2026-06-16T09:13:00.842Z,9,20,0,0,0
2026-06-16T09:13:30.892Z,9,19,0,0,0
2026-06-16T09:14:02.638Z,9,18,0,0,0
2026-06-16T09:14:34.265Z,9,18,0,0,0
2026-06-16T09:15:06.703Z,100,18,0,0,0
2026-06-16T09:15:36.636Z,100,17,0,0,0
2026-06-16T09:16:08.583Z,100,17,0,0,0
2026-06-16T09:16:41.047Z,100,17,0,0,0
2026-06-16T09:17:10.955Z,100,17,0,0,0
2026-06-16T09:17:44.510Z,100,16,0,0,0
2026-06-16T09:18:14.470Z,100,16,0,0,0
2026-06-16T09:18:46.290Z,100,16,0,0,0
2026-06-16T09:19:18.040Z,100,16,0,0,0
2026-06-16T09:19:49.773Z,100,16,0,0,0
2026-06-16T09:20:21.369Z,100,16,0,0,0
2026-06-16T09:20:53.050Z,100,15,0,0,0
2026-06-16T09:21:25.332Z,100,15,0,0,0
2026-06-16T09:33:05.089Z,7,8,0,0,0
2026-06-16T09:33:37.222Z,82,8,0,0,0
2026-06-16T09:34:07.281Z,8,0,0,0,0
2026-06-16T09:34:38.915Z,8,88,0,0,0
2026-06-16T09:35:10.868Z,8,0,0,0,0
2026-06-16T09:35:42.575Z,8,0,0,0,0
2026-06-16T09:36:15.123Z,9,0,0,0,0
2026-06-16T09:36:45.187Z,8,0,0,0,0
2026-06-16T09:37:16.866Z,8,0,0,0,0
2026-06-16T09:37:48.512Z,9,0,0,0,0
2026-06-16T09:38:20.192Z,9,0,0,0,0
2026-06-16T09:38:51.945Z,9,0,0,0,0
2026-06-16T09:39:23.896Z,9,0,0,0,0
2026-06-16T09:39:55.766Z,9,0,0,0,0
2026-06-16T09:40:27.488Z,9,0,0,0,0
2026-06-16T09:40:59.537Z,9,0,0,0,0
2026-06-16T09:41:31.169Z,9,0,0,0,0
2026-06-16T09:42:03.092Z,9,0,0,0,0
2026-06-16T09:42:34.803Z,9,0,0,0,0
2026-06-16T09:43:06.507Z,9,0,0,0,0
2026-06-16T09:43:39.029Z,9,0,0,0,0
2026-06-16T09:44:09.426Z,9,0,0,0,0
2026-06-16T09:44:41.430Z,9,0,0,0,0
2026-06-16T09:46:10.856Z,9,0,0,0,0
2026-06-16T09:46:41.259Z,9,0,0,0,0
2026-06-16T09:47:11.482Z,9,1,0,0,0
2026-06-16T09:47:42.426Z,9,1,0,0,0
2026-06-16T09:48:12.688Z,9,1,0,0,0
2026-06-16T09:48:43.534Z,10,2,0,0,0
2026-06-16T09:49:13.694Z,9,1,0,0,0
2026-06-16T09:49:43.939Z,9,2,0,0,0
2026-06-16T10:02:39.503Z,9,6,0,0,0
2026-06-16T10:03:09.798Z,10,7,0,2,0
2026-06-16T10:03:39.834Z,9,7,0,0,0
2026-06-16T10:04:10.690Z,10,6,0,0,0
2026-06-16T10:04:40.895Z,10,7,0,0,0
2026-06-16T10:05:11.304Z,10,7,0,0,0
2026-06-16T10:05:41.464Z,9,9,0,0,0
2026-06-16T10:06:11.690Z,9,8,0,0,0
2026-06-16T10:07:38.215Z,9,9,0,0,0
2026-06-16T10:08:10.597Z,9,9,0,0,0
2026-06-16T10:08:40.302Z,10,12,0,0,0
2026-06-16T10:09:12.064Z,10,11,0,0,0
2026-06-16T10:09:43.981Z,10,10,0,0,0
2026-06-16T10:10:15.752Z,9,10,0,0,0
2026-06-16T10:10:46.034Z,9,10,0,0,0
2026-06-16T10:11:18.653Z,9,10,0,0,0
2026-06-16T10:11:48.516Z,10,10,0,0,0
2026-06-16T10:12:20.471Z,10,11,0,0,0
2026-06-16T10:12:50.221Z,10,10,0,0,0
2026-06-16T10:14:23.297Z,9,11,0,0,0
2026-06-16T10:14:56.051Z,9,10,0,0,0
2026-06-16T10:15:25.978Z,10,10,0,0,0
2026-06-16T10:15:57.730Z,10,10,0,0,0
2026-06-16T10:16:29.641Z,10,11,0,0,0
2026-06-16T10:17:01.357Z,9,11,0,0,0
2026-06-16T10:17:33.326Z,10,12,0,0,0
2026-06-16T10:18:05.157Z,10,12,0,0,0
2026-06-16T10:18:35.217Z,10,12,0,0,0
2026-06-16T10:19:05.312Z,10,12,0,0,0
2026-06-16T10:19:37.092Z,10,12,0,0,0
2026-06-16T10:20:09.013Z,10,12,0,0,0
2026-06-16T10:20:41.205Z,10,12,0,0,0
2026-06-16T10:21:12.886Z,10,12,0,0,0
2026-06-16T10:21:44.704Z,10,12,0,0,0
2026-06-16T10:22:17.072Z,10,12,0,0,0
2026-06-16T10:22:46.948Z,9,13,0,0,0
2026-06-16T10:23:18.761Z,10,12,0,0,53.3022
2026-06-16T10:23:50.885Z,9,12,0,0,56.98945
2026-06-16T10:24:20.947Z,10,12,0,0,60.4709
2026-06-16T10:24:52.865Z,10,13,0,0,76.98635
2026-06-16T10:25:24.639Z,9,12,0,0,83.4519
2026-06-16T10:25:56.530Z,10,12,0,0,90.19185
2026-06-16T10:26:28.271Z,10,12,0,0,5.77955
2026-06-16T10:27:00.008Z,9,12,0,0,102.1797
2026-06-16T10:27:32.412Z,9,13,0,0,60.6424
2026-06-16T10:28:02.145Z,9,13,0,0,99.93305
2026-06-16T10:28:33.808Z,9,13,0,0,69.54325
2026-06-16T10:29:05.618Z,9,13,0,0,51.67295
2026-06-16T10:29:37.293Z,10,13,0,0,60.41945
2026-06-16T10:30:09.304Z,9,14,0,0,51.60435
2026-06-16T10:30:39.024Z,10,15,0,0,9.96415
2026-06-16T10:31:10.775Z,9,13,0,2,8.6436
2026-06-16T10:31:43.575Z,9,13,0,0,223.9447
2026-06-16T10:32:13.817Z,9,13,0,0,224.785
2026-06-16T10:32:43.695Z,10,13,0,0,0
2026-06-16T10:33:15.494Z,9,13,0,0,60.8825
2026-06-16T10:33:47.439Z,9,13,0,1,9.07235
2026-06-16T10:34:19.391Z,9,13,0,0,35.41475
2026-06-16T10:34:51.759Z,9,13,0,0,58.9617
2026-06-16T10:35:21.592Z,9,13,0,0,51.45
2026-06-16T10:35:53.550Z,9,13,0,0,54.14255
2026-06-16T10:36:25.500Z,10,13,0,0,17.68165
2026-06-16T10:36:57.041Z,9,13,0,0,48.6717
2026-06-16T10:37:28.816Z,9,13,0,0,49.5635
2026-06-16T10:38:00.705Z,9,13,0,0,52.8906
2026-06-16T10:38:32.459Z,9,13,0,0,7.83755
2026-06-16T10:39:04.002Z,9,13,0,0,51.57005
2026-06-16T10:39:35.745Z,9,13,0,0,60.59095
2026-06-16T10:40:07.722Z,10,12,0,0,0
2026-06-16T10:40:39.460Z,9,12,0,0,132.0207
2026-06-16T10:41:11.405Z,9,12,0,0,119.2268
2026-06-16T10:41:43.391Z,9,12,0,0,117.0316
2026-06-16T10:42:29.069Z,9,11,0,0,94.3593
2026-06-16T10:42:58.971Z,9,10,0,0,74.3967
2026-06-16T10:43:30.733Z,10,8,0,0,18.7964
2026-06-16T10:44:03.328Z,9,8,0,0,8.83225
2026-06-16T10:44:33.303Z,10,10,0,0,17.47585
2026-06-16T10:45:05.310Z,9,14,0,0,15.62365
2026-06-16T10:45:35.217Z,9,12,0,0,68.9773
2026-06-16T10:46:07.626Z,9,10,0,0,64.74125
2026-06-16T10:46:37.436Z,10,11,0,0,42.875
2026-06-16T10:47:09.617Z,9,10,0,0,70.9667
2026-06-16T10:47:39.509Z,9,12,0,0,0
2026-06-16T10:48:11.644Z,9,12,0,0,114.5791
2026-06-16T10:48:44.193Z,77,11,0,0,60.65955
2026-06-16T10:49:14.137Z,8,93,0,0,51.793
2026-06-16T10:49:46.014Z,9,0,0,2,46.08205
2026-06-16T10:50:17.990Z,10,0,0,0,51.7244
2026-06-16T10:50:49.738Z,9,3,0,0,51.46715
2026-06-16T10:51:21.973Z,8,2,0,0,52.29035
2026-06-16T10:51:52.032Z,9,4,0,0,0
2026-06-16T10:52:23.943Z,9,1,0,0,67.1251
2026-06-16T10:52:55.914Z,10,10,0,0,86.69325
2026-06-16T10:53:26.474Z,9,9,0,0,0
2026-06-16T10:53:56.504Z,9,7,0,0,18.33335
2026-06-16T10:54:28.888Z,9,6,0,0,61.96295
2026-06-16T10:54:58.793Z,9,12,0,0,66.90215
2026-06-16T10:55:31.203Z,9,8,0,0,60.025
2026-06-16T10:56:01.064Z,9,9,0,0,20.2713
2026-06-16T10:56:33.402Z,9,15,0,1,0
2026-06-16T10:57:03.993Z,9,4,0,0,0
2026-06-16T11:15:15.567Z,10,7,67.17049,0,0
2026-06-16T11:15:46.129Z,9,6,66.87214,0,0
2026-06-16T11:16:01.087Z,9,7,39.16264,0,0
2026-06-16T11:16:31.492Z,9,3,16.0802,0,0
2026-06-16T11:17:01.806Z,9,7,41.92315,0,0
2026-06-16T11:18:18.572Z,9,5,47.73895,0,0
2026-06-16T11:18:48.734Z,9,7,47.89468,0,8.79795
2026-06-16T11:19:20.656Z,9,4,46.90091,0,8.96945
2026-06-16T11:19:52.387Z,10,4,47.42759,0,8.8151
2026-06-16T11:20:24.091Z,9,3,47.14068,0,8.79795
2026-06-16T11:20:56.096Z,9,4,47.15882,0,8.8151
2026-06-16T11:21:27.809Z,9,2,47.31013,0,8.8151
2026-06-16T11:22:00.221Z,9,4,47.28263,0,8.83225
2026-06-16T11:22:30.526Z,9,5,46.97263,0,9.261
2026-06-16T11:23:00.636Z,9,9,47.26662,0,9.24385
2026-06-16T11:23:32.355Z,10,6,47.09956,0,9.24385
2026-06-16T11:24:04.040Z,9,1,47.5103,0,9.2267
2026-06-16T11:24:35.811Z,9,1,47.40306,0,9.24385
2026-06-16T11:25:07.538Z,9,5,47.00303,0,9.24385
2026-06-16T11:25:39.549Z,9,4,47.32789,0,9.2267
2026-06-16T11:26:11.473Z,9,5,47.24314,0,108.9883
2026-06-16T11:26:43.896Z,9,4,46.60029,0,109.3655
2026-06-16T11:27:13.895Z,9,11,46.16452,0,108.8167
2026-06-16T11:27:45.890Z,9,3,46.16889,0,106.6387
2026-06-16T11:28:18.060Z,11,7,46.5144,0,109.2455
2026-06-16T11:28:47.853Z,9,2,46.441,0,109.7085
2026-06-16T11:29:19.734Z,9,5,46.51054,0,104.958
2026-06-16T11:29:51.668Z,9,7,46.50833,0,109.3313
2026-06-16T11:30:24.066Z,9,8,46.4632,0,109.6742
2026-06-16T11:30:54.110Z,9,6,46.42376,0,109.6914
2026-06-16T11:31:26.020Z,9,0,46.19193,0,109.2626
2026-06-16T11:31:58.014Z,9,5,45.87981,0,109.6742
2026-06-16T11:32:29.994Z,9,1,46.34259,0,109.2455
2026-06-16T11:32:59.981Z,10,0,46.49,0,106.6387
2026-06-16T11:33:32.015Z,9,1,46.55297,0,110.1544
2026-06-16T11:34:04.524Z,10,69,44.60913,0,109.3313
2026-06-16T11:34:34.366Z,94,0,44.34519,0,103.3973
2026-06-16T11:35:06.902Z,8,91,44.38132,0,105.1124
2026-06-16T11:35:36.974Z,9,0,53.39777,0,69.4575
2026-06-16T11:36:08.685Z,7,1,47.02786,0,5.43655
2026-06-16T11:36:40.768Z,9,0,46.7433,0,17.1843
2026-06-16T11:37:10.786Z,8,56,48.14519,0,17.16715
2026-06-16T11:37:43.268Z,9,0,47.52687,0,17.1843
2026-06-16T11:38:13.049Z,9,0,47.59006,0,17.1843
2026-06-16T11:38:45.050Z,9,0,47.97218,0,6.4827
2026-06-16T11:39:17.142Z,9,0,47.57782,0,6.4827
2026-06-16T11:39:47.021Z,9,0,47.6046,0,17.33865
2026-06-16T11:40:18.852Z,9,0,47.42124,0,7.0315
2026-06-16T11:40:51.449Z,74,2,47.09795,0,7.0315
2026-06-16T11:41:21.426Z,8,91,46.82896,0,7.0315
2026-06-16T11:41:53.609Z,9,0,46.87468,0,7.0315
2026-06-16T11:42:23.365Z,9,0,47.79069,0,7.3059
2026-06-16T11:42:55.169Z,9,0,46.77754,0,7.3059
2026-06-16T11:43:27.385Z,9,72,46.64197,0,7.32305
2026-06-16T11:43:57.703Z,81,0,15.76722,0,7.7175
2026-06-16T11:44:27.501Z,9,4,38.83676,2,69.1488
2026-06-16T11:44:59.868Z,9,0,39.3045,2,70.70945
2026-06-16T11:45:29.786Z,9,0,39.35173,0,70.2464
2026-06-16T11:46:01.759Z,9,0,39.75505,0,71.53265
2026-06-16T11:46:33.645Z,8,0,40.0017,0,69.3889
2026-06-16T11:47:05.909Z,9,1,39.88734,0,70.19495
2026-06-16T11:47:36.460Z,9,2,39.91796,0,69.23455
2026-06-16T11:48:06.579Z,9,0,39.80913,0,71.4469
2026-06-16T11:48:36.623Z,9,2,39.769,0,79.1987
2026-06-16T11:49:09.223Z,9,0,40.21806,0,79.6103
2026-06-16T11:49:38.900Z,9,0,40.30879,0,72.3044
2026-06-16T11:50:10.823Z,9,0,40.17907,0,80.0219
2026-06-16T11:50:43.535Z,9,0,40.04169,0,79.59315
2026-06-16T11:51:13.782Z,10,0,39.98285,0,70.94955
2026-06-17T06:41:36.445Z,9,25,51.57597,0,3.96165
2026-06-17T06:42:06.710Z,10,23,50.86842,0,3.75585
2026-06-17T06:42:37.257Z,10,19,47.25096,0,59.66485
2026-06-17T06:43:07.449Z,9,17,46.29673,0,59.2018
2026-06-17T06:43:37.638Z,10,16,43.25205,0,59.63055
2026-06-17T06:44:08.147Z,9,16,44.79559,0,59.2361
2026-06-17T06:44:39.260Z,9,17,45.85089,0,59.1332
2026-06-17T06:45:09.713Z,9,16,45.46485,0,59.1332
2026-06-17T06:45:39.609Z,9,16,44.83263,0,59.15035
2026-06-17T06:46:11.570Z,9,14,45.21958,0,59.1332
2026-06-17T06:46:43.499Z,9,23,54.0608,0,43.20085
2026-06-17T06:47:15.514Z,9,12,31.79071,0,43.0808
2026-06-17T06:47:47.263Z,9,11,32.14706,0,43.1151
2026-06-17T06:48:19.428Z,9,11,34.36171,0,43.1151
2026-06-17T06:48:49.785Z,9,12,34.66935,0,43.1151
2026-06-17T06:49:20.643Z,9,12,34.79408,0,43.0808
2026-06-17T06:49:51.036Z,9,13,35.05374,0,43.0808
2026-06-17T06:50:21.282Z,9,14,0,0,51.53575
2026-06-17T06:50:51.054Z,9,14,0,0,51.5529
2026-06-17T06:51:23.153Z,9,11,0,0,51.57005
2026-06-17T06:51:55.012Z,9,12,0,0,51.5872
2026-06-17T06:52:26.956Z,9,13,0,0,43.0808
2026-06-17T06:52:58.825Z,9,13,0,0,51.5529
2026-06-17T06:53:30.765Z,9,13,0,0,43.13225
2026-06-17T06:54:03.079Z,9,12,0,0,43.0808
2026-06-17T06:54:32.980Z,9,14,0,0,59.32185
2026-06-17T06:55:05.782Z,9,12,0,0,59.35615
2026-06-17T06:55:35.861Z,9,11,0,0,59.339
2026-06-17T06:56:07.806Z,9,18,0,0,43.20085
2026-06-17T06:56:39.978Z,9,12,0,0,43.20085
2026-06-17T06:57:09.846Z,9,12,0,0,65.15285
2026-06-17T06:57:42.469Z,9,9,0,0,60.35085
2026-06-17T06:58:12.238Z,9,10,0,0,65.63305
2026-06-17T06:58:44.189Z,9,13,0,0,68.23985
2026-06-17T06:59:16.043Z,9,12,0,0,68.68575
2026-06-17T06:59:48.070Z,9,12,0,0,63.06055
2026-06-17T07:00:20.239Z,8,11,0,0,61.82575
2026-06-17T07:00:50.423Z,9,13,0,0,60.6424
2026-06-17T07:01:20.241Z,9,17,0,0,60.2651
2026-06-17T07:01:52.270Z,9,13,0,0,62.23735
2026-06-17T07:02:24.692Z,9,12,0,0,61.86005
2026-06-17T07:26:16.805Z,9,22,63.34542,0,8.59215
2026-06-17T07:26:46.821Z,9,18,63.26829,0,8.59215
2026-06-17T07:27:18.860Z,9,14,63.6856,0,8.59215
2026-06-17T07:27:48.897Z,9,15,64.0705,0,8.59215
2026-06-17T07:28:20.921Z,9,13,64.24799,0,8.59215
2026-06-17T07:28:53.306Z,9,13,64.03995,0,8.6093
2026-06-17T07:29:23.312Z,9,14,63.60265,0,8.62645
2026-06-17T07:29:55.229Z,9,13,64.02087,0,60.24795
2026-06-17T07:30:27.475Z,9,14,63.54662,0,60.24795
2026-06-17T07:30:57.215Z,9,12,61.51721,0,60.5052
2026-06-17T07:31:29.717Z,9,13,61.2631,0,60.48805
2026-06-17T07:31:59.989Z,9,14,60.84432,0,60.5052
2026-06-17T07:32:30.406Z,9,13,60.99783,0,60.48805
2026-06-17T07:33:00.490Z,9,14,61.45945,0,60.48805
2026-06-17T07:33:30.555Z,9,13,61.10277,0,60.48805
2026-06-17T07:34:02.765Z,9,13,61.28632,0,60.4709
2026-06-17T07:34:33.155Z,9,14,60.57122,0,60.48805
2026-06-17T07:35:05.199Z,9,15,61.37927,0,60.4709
2026-06-17T07:35:37.561Z,9,14,61.07516,0,60.48805
2026-06-17T07:36:07.554Z,9,15,63.0777,0,61.89435
2026-06-17T07:36:37.436Z,9,15,62.00586,0,60.368
2026-06-17T07:37:09.325Z,9,16,46.4125,0,60.83105
2026-06-17T07:37:41.462Z,9,15,46.28729,0,60.41945
2026-06-17T07:38:13.848Z,9,17,45.02829,0,56.74935
2026-06-17T07:38:43.917Z,9,16,45.13484,0,56.7322
2026-06-17T07:39:15.869Z,9,15,45.09097,0,56.7322
2026-06-17T07:39:48.268Z,9,16,44.71725,0,56.7665
2026-06-17T07:40:18.464Z,9,16,44.97703,0,56.78365
2026-06-17T07:40:48.330Z,9,16,44.30116,0,56.8008
2026-06-17T07:41:20.382Z,9,17,44.28992,0,55.96045
2026-06-17T07:41:52.270Z,9,16,44.98282,0,56.78365
2026-06-17T07:42:24.499Z,9,17,44.04316,0,56.37205
2026-06-17T07:42:54.394Z,9,17,43.84594,0,56.3892
2026-06-17T07:43:26.349Z,9,17,43.89757,0,56.3892
2026-06-17T07:43:56.800Z,9,16,43.07857,0,56.3892
2026-06-17T07:44:26.777Z,9,16,43.88968,0,56.3549
2026-06-17T11:01:08.363Z,9,22,0,0,59.87065
2026-06-17T11:01:38.214Z,9,22,0,0,60.2651
2026-06-17T11:02:10.170Z,9,21,0,0,60.35085
2026-06-17T11:02:42.279Z,9,21,0,0,59.97355
2026-06-17T11:03:12.142Z,9,22,0,0,59.49335
2026-06-17T11:03:45.470Z,10,20,0,0,57.0409
2026-06-17T11:04:15.412Z,9,96,0,0,0
2026-06-17T11:04:33.451Z,9,50,54.52731,0,0
2026-06-17T11:05:03.688Z,9,36,0,0,57.4868
2026-06-17T11:05:35.427Z,9,90,0,0,0
2026-06-17T11:06:05.707Z,9,99,0,0,0
2026-06-17T11:06:37.432Z,9,17,0,0,56.54355
2026-06-17T11:07:09.185Z,9,13,0,0,57.7612
2026-06-17T11:07:41.099Z,10,14,0,0,57.84695
2026-06-17T11:08:12.993Z,9,13,0,0,60.31655
2026-06-17T11:08:44.730Z,8,13,0,0,60.17935
2026-06-17T11:09:16.745Z,9,13,0,0,0
2026-06-17T11:09:46.755Z,9,12,0,0,377.2314
2026-06-17T11:10:17.369Z,9,5,0,0,377.2485
2026-06-17T11:10:47.725Z,9,19,0,0,15.0577
2026-06-17T11:11:19.962Z,9,11,0,0,69.50895
2026-06-17T11:11:49.972Z,9,2,0,0,0
2026-06-17T11:12:21.875Z,9,2,0,0,74.65395
2026-06-17T11:12:53.566Z,9,4,0,0,75.44285
2026-06-17T11:13:25.780Z,9,4,0,0,62.6318
2026-06-17T11:13:55.867Z,9,5,0,0,68.9087
2026-06-17T11:14:25.768Z,9,7,0,0,68.8744
2026-06-17T11:14:57.932Z,9,8,0,0,62.58035
2026-06-17T11:15:27.730Z,9,8,0,0,62.5975
2026-06-17T11:15:59.527Z,9,8,0,0,62.5975
2026-06-17T11:16:31.513Z,9,8,0,0,62.6318
2026-06-17T11:17:03.188Z,9,12,0,0,62.44315
2026-06-17T11:17:35.083Z,9,9,0,0,62.3917
2026-06-17T11:18:06.744Z,9,8,0,0,62.3917
2026-06-17T11:18:38.549Z,9,8,0,0,62.40885
2026-06-17T11:19:12.923Z,9,9,0,0,62.3574
2026-06-17T11:19:41.174Z,9,10,0,0,62.3574
2026-06-17T11:20:10.834Z,9,10,0,0,62.3574
2026-06-17T11:20:42.939Z,9,10,0,0,62.37455
2026-06-17T11:21:44.248Z,9,9,0,0,158.929
2026-06-17T11:22:14.736Z,9,10,0,0,158.8947
2026-06-17T11:22:44.946Z,8,10,0,0,158.0029
2026-06-17T11:23:15.466Z,10,10,0,0,315.1827
2026-06-17T11:23:46.190Z,9,10,0,0,314.7539
2026-06-17T11:24:16.635Z,9,9,0,0,158.5346
2026-06-17T11:24:48.653Z,9,9,0,0,158.5003
2026-06-17T11:25:18.946Z,9,10,0,0,156.3223
2026-06-17T11:25:49.426Z,9,10,0,0,155.3275
2026-06-17T11:26:19.884Z,9,10,0,0,156.6653
2026-06-17T11:26:50.633Z,9,10,0,0,156.6138
2026-06-17T11:27:21.275Z,9,10,0,0,155.3618
2026-06-17T11:27:51.737Z,9,10,0,0,154.4529
2026-06-17T11:28:22.294Z,9,10,0,0,159.9238
2026-06-17T11:28:52.393Z,9,10,0,0,158.1916
2026-06-17T11:29:22.659Z,9,10,0,0,316.9149
2026-06-17T11:29:53.431Z,9,10,0,0,377.7802
2026-06-17T11:30:24.219Z,9,10,0,0,316.8977
2026-06-17T11:30:54.556Z,9,10,0,0,316.9663
2026-06-17T11:31:24.935Z,9,11,0,0,105.301
2026-06-17T11:31:55.664Z,9,11,0,0,316.4861
2026-06-17T11:32:26.373Z,9,11,0,0,153.4411
2026-06-17T11:32:56.783Z,9,12,0,0,317.3779
2026-06-17T11:33:26.984Z,9,11,0,0,99.79585
2026-06-17T11:33:57.101Z,9,12,0,0,101.1336
2026-06-17T11:34:27.544Z,9,11,0,0,108.388
2026-06-17T11:34:59.257Z,9,12,0,0,60.35085
2026-06-17T11:35:29.688Z,9,13,0,0,60.04215
2026-06-17T11:35:59.884Z,9,11,0,0,60.04215
2026-06-17T11:36:36.032Z,9,11,0,0,60.04215
2026-06-17T11:37:03.525Z,9,11,0,0,60.025
2026-06-17T11:37:34.090Z,9,12,0,0,60.0593
2026-06-17T11:38:04.267Z,9,11,0,0,68.8744
2026-06-17T11:38:35.537Z,9,11,0,0,68.5314
2026-06-17T11:39:06.452Z,9,11,0,0,67.8111
2026-06-17T11:39:36.902Z,9,12,0,0,121.6793
2026-06-17T11:40:09.587Z,9,12,0,0,106.673
2026-06-17T11:40:37.997Z,10,11,0,0,106.8616
2026-06-17T11:41:08.194Z,9,13,0,0,315.8173
2026-06-17T11:41:38.609Z,10,12,0,0,317.9095
2026-06-17T11:41:59.290Z,10,85,5,0,100
2026-06-17T11:42:08.791Z,8,12,0,0,379.3752
2026-06-17T11:42:14.269Z,15,90,10,2,120
2026-06-17T11:42:38.868Z,9,13,0,0,72.83605
2026-06-17T11:43:08.973Z,9,13,0,0,71.22395
2026-06-17T11:56:13.592Z,8,54,0,0,63.2492
2026-06-17T11:56:44.610Z,8,45,0,0,63.26635
2026-06-17T11:57:14.929Z,8,42,0,0,63.23205
2026-06-17T11:57:46.009Z,8,41,0,0,63.23205
2026-06-17T11:58:19.895Z,8,40,0,0,62.8376
2026-06-17T11:58:48.110Z,8,40,0,0,63.2492
2026-06-17T11:59:19.003Z,8,39,0,0,62.85475
2026-06-17T11:59:58.427Z,8,39,0,0,62.0144
2026-06-17T12:00:29.324Z,8,37,0,0,0
2026-06-17T12:01:00.368Z,8,37,0,0,0
2026-06-17T12:01:30.899Z,8,36,0,0,63.9352
2026-06-17T12:02:01.319Z,8,36,0,0,61.99725
2026-06-17T12:02:31.726Z,8,36,0,0,60.59095
2026-06-17T12:03:02.045Z,8,36,0,0,62.64895
2026-06-17T12:03:32.581Z,8,35,0,0,60.1965
2026-06-17T12:03:37.374Z,10,90,8,1,110
2026-06-17T12:04:04.605Z,8,35,0,0,60.65955
2026-06-17T12:04:34.593Z,8,35,0,0,60.2651
2026-06-17T12:05:05.343Z,8,36,0,0,60.6767
2026-06-17T12:05:36.402Z,8,36,0,0,60.6767
2026-06-17T12:05:41.262Z,12,88,7,1,115
2026-06-17T12:06:08.036Z,8,35,0,0,60.4366
2026-06-17T12:06:38.925Z,8,35,0,0,59.97355
2026-06-17T12:07:10.553Z,8,36,0,0,59.9907
2026-06-17T12:07:39.342Z,8,35,0,0,60.00785
2026-06-17T12:08:09.641Z,8,36,0,0,59.9907
2026-06-17T12:08:44.394Z,8,36,0,0,59.9907
2026-06-17T12:09:14.398Z,8,36,0,0,59.9907
2026-06-17T12:09:42.784Z,8,37,0,0,59.9907
2026-06-17T12:10:13.338Z,8,36,0,0,59.9907
2026-06-17T12:10:44.148Z,8,36,0,0,58.8931
2026-06-17T12:11:15.079Z,8,37,0,0,59.28755
2026-06-17T12:11:45.213Z,8,36,0,0,59.9907
2026-06-17T12:11:47.661Z,15,92,12,3,125
2026-06-17T12:12:15.553Z,7,36,0,0,59.5791
2026-06-17T12:12:49.152Z,9,37,0,0,59.5791
2026-06-17T12:13:17.664Z,8,37,0,0,59.59625
2026-06-17T12:13:49.275Z,8,38,0,0,59.6134
2026-06-17T12:14:20.041Z,8,37,0,0,60.89965
2026-06-17T12:14:50.823Z,8,36,0,0,60.0593
2026-06-17T12:15:20.931Z,8,37,0,0,60.0593
2026-06-17T12:15:51.181Z,8,36,0,0,59.6477
2026-06-17T12:16:21.790Z,8,37,0,0,59.66485
2026-06-17T12:16:52.225Z,8,36,0,0,59.6477
2026-06-17T12:17:22.573Z,7,36,0,0,60.04215
2026-06-17T12:17:52.792Z,8,36,0,0,59.6477
2026-06-17T12:18:22.782Z,8,36,0,0,60.025
2026-06-17T12:18:53.305Z,8,36,0,0,60.025
2026-06-17T12:19:24.289Z,8,36,0,0,59.6477
2026-06-17T12:19:55.389Z,9,36,0,0,60.2651
2026-06-17T12:20:25.733Z,8,35,0,0,60.2651
2026-06-17T12:20:56.222Z,8,35,0,0,60.28225
2026-06-17T12:21:26.522Z,10,35,0,0,60.2308
2026-06-17T12:21:56.835Z,9,35,0,0,60.2651
2026-06-17T12:22:27.133Z,8,35,0,0,60.28225
2026-06-17T12:22:57.734Z,8,35,0,0,60.24795
2026-06-17T12:23:28.444Z,8,35,0,0,62.2888
2026-06-17T12:23:58.924Z,8,34,0,0,61.4999
2026-06-17T12:24:30.001Z,9,34,0,0,61.8772
2026-06-17T12:25:00.128Z,8,34,0,0,62.75185
2026-06-17T12:25:30.432Z,8,34,0,0,61.054
2026-06-17T12:26:00.866Z,8,34,0,0,63.1463
2026-06-17T12:26:31.299Z,8,34,0,0,63.54075
2026-06-17T12:27:01.791Z,8,34,0,0,61.86005
2026-06-17T12:27:32.322Z,8,34,0,0,61.054
2026-06-17T12:28:03.425Z,8,34,0,0,61.0197
2026-06-17T12:28:33.714Z,8,34,0,0,61.4656
2026-06-17T12:29:04.635Z,8,34,0,0,62.27165
2026-06-17T12:29:35.165Z,8,34,0,0,62.68325
2026-06-17T12:30:05.703Z,8,34,0,0,62.68325
2026-06-17T12:30:36.403Z,8,34,0,0,63.5236
2026-06-17T12:31:06.844Z,8,34,0,0,62.2545
2026-06-17T12:31:38.064Z,8,34,0,0,62.71755
2026-06-17T12:32:08.803Z,8,34,0,0,62.71755
2026-06-17T12:32:39.646Z,8,34,0,0,61.4313
2026-06-17T12:33:10.443Z,8,34,0,0,63.09485
2026-06-17T12:33:41.294Z,8,34,0,0,62.6661
2026-06-17T12:34:11.895Z,8,34,0,0,62.7004
2026-06-17T12:34:43.082Z,8,34,0,0,62.68325
2026-06-17T12:35:13.497Z,8,34,0,0,63.12915
2026-06-17T12:35:43.834Z,8,34,0,0,62.68325
2026-06-17T12:36:14.234Z,8,34,0,0,63.12915
2026-06-17T12:36:44.864Z,8,34,0,0,62.7347
2026-06-17T12:37:16.359Z,8,34,0,0,63.54075
2026-06-17T12:37:46.932Z,8,34,0,0,63.12915
2026-06-17T12:38:18.229Z,8,34,0,0,62.2888
2026-06-17T12:38:48.783Z,8,34,0,0,63.5236
2026-06-17T12:39:19.865Z,8,34,0,0,62.7004
2026-06-17T12:39:50.221Z,8,34,0,0,63.12915
2026-06-17T12:40:21.331Z,8,34,0,0,62.7004
2026-06-17T12:40:51.643Z,8,34,0,0,62.71755
2026-06-17T12:41:22.151Z,8,34,0,0,62.2545
2026-06-17T12:41:52.457Z,8,34,0,0,61.9115
2026-06-17T12:42:23.243Z,8,34,0,0,62.27165
2026-06-17T12:42:54.081Z,8,33,0,0,61.8772
2026-06-17T12:43:24.440Z,8,33,0,0,63.9695
2026-06-17T12:43:54.937Z,8,34,0,0,63.50645
2026-06-17T12:44:25.827Z,8,33,0,0,63.9695
2026-06-17T12:44:56.182Z,8,34,0,0,63.9352
2026-06-17T12:45:26.680Z,9,33,0,0,111.7494
2026-06-17T12:45:57.003Z,8,33,0,0,62.7004
2026-06-17T12:46:27.323Z,8,33,0,0,62.6661
2026-06-17T12:46:58.037Z,8,33,0,0,93.3989
2026-06-17T12:47:28.332Z,9,34,0,0,63.54075
2026-06-17T12:47:58.842Z,8,33,0,0,63.5236
2026-06-17T12:48:29.164Z,8,33,0,0,110.8747
2026-06-17T12:48:59.882Z,8,33,0,0,63.5236
2026-06-17T12:49:30.426Z,8,33,0,0,63.9352
2026-06-17T12:50:01.119Z,8,33,0,0,111.2863
2026-06-17T12:50:31.253Z,8,33,0,0,110.8576
2026-06-17T12:51:01.347Z,8,34,0,0,63.16345
2026-06-17T12:51:31.614Z,8,34,0,0,110.3945
2026-06-17T12:52:02.628Z,9,33,0,0,111.3721
2026-06-17T12:52:33.291Z,8,33,0,0,110.4117
2026-06-17T12:53:03.779Z,8,33,0,0,64.36395
2026-06-17T12:53:34.192Z,8,33,0,0,62.27165
2026-06-17T12:54:04.524Z,8,33,0,0,64.3811
2026-06-17T12:54:35.178Z,9,33,0,0,110.0173
2026-06-17T12:55:05.680Z,8,33,0,0,103.0887
2026-06-17T12:55:36.590Z,8,33,0,0,94.2564
2026-06-17T12:56:07.097Z,8,33,0,0,63.9695
2026-06-17T12:56:38.028Z,8,32,0,0,63.9352
2026-06-17T12:57:08.761Z,8,32,0,0,93.3989
2026-06-17T12:57:39.469Z,8,32,0,0,111.7665
2026-06-17T12:58:10.225Z,8,32,0,0,110.8576
2026-06-17T12:58:40.921Z,8,32,0,0,110.4117
2026-06-17T12:59:11.183Z,8,32,0,0,110.0859
2026-06-17T12:59:41.627Z,8,32,0,0,109.2798
2026-06-17T13:00:11.829Z,8,32,0,0,63.12915
2026-06-17T13:00:42.257Z,8,32,0,0,110.1201
2026-06-17T13:01:12.882Z,8,32,0,0,61.48275
2026-06-17T13:01:44.397Z,8,33,0,0,93.45035
2026-06-17T13:02:14.944Z,8,33,0,0,93.82765
2026-06-17T13:02:45.468Z,8,32,0,0,93.45035
2026-06-17T13:03:17.003Z,8,32,0,0,109.2798
2026-06-17T13:03:47.388Z,8,32,0,0,110.1373
2026-06-17T13:04:18.393Z,8,32,0,0,110.5146
2026-06-17T13:04:48.953Z,8,32,0,0,110.1373
2026-06-17T13:05:20.264Z,8,32,0,0,62.30595
2026-06-17T13:05:50.974Z,9,32,0,0,109.2798
2026-06-17T13:06:21.508Z,8,32,0,0,110.1544
2026-06-17T13:06:51.797Z,8,33,0,0,94.27355
2026-06-17T13:07:22.543Z,9,32,0,0,111.4064
2026-06-17T13:07:53.233Z,8,32,0,0,110.6003
2026-06-17T13:08:24.206Z,8,33,0,0,110.5489
2026-06-17T13:08:55.329Z,8,33,0,0,110.5318
2026-06-17T13:09:25.817Z,8,33,0,0,109.7257
2026-06-17T13:09:56.571Z,8,33,0,0,64.3468
2026-06-17T13:10:27.035Z,8,34,0,0,62.7347
2026-06-17T13:10:57.563Z,8,34,0,0,110.1888
2026-06-17T13:11:28.920Z,8,34,0,0,53.508
2026-06-17T13:12:00.103Z,9,34,0,0,63.5236
2026-06-17T13:12:31.579Z,8,33,0,0,72.1329
2026-06-17T13:13:02.503Z,8,33,0,0,110.5489
2026-06-17T13:13:33.182Z,8,33,0,0,63.98665
2026-06-17T13:14:03.485Z,8,35,0,0,111.6293
2026-06-17T13:14:33.844Z,41,34,0,0,71.4126
2026-06-17T13:15:04.351Z,87,74,0,0,70.12635
2026-06-17T13:15:35.714Z,87,79,0,0,61.2598
2026-06-17T13:16:05.998Z,8,0,0,1,60.89965
2026-06-17T13:16:36.773Z,7,1,0,2,72.83605
2026-06-17T13:17:07.745Z,8,3,0,5,72.2015
2026-06-17T13:17:38.311Z,8,0,0,0,69.30315
2026-06-17T13:18:09.290Z,74,90,0,0,75.40855
2026-06-17T13:18:39.838Z,48,90,0,0,51.60435
2026-06-17T13:19:10.705Z,59,90,0,0,9.3982
2026-06-17T13:19:41.195Z,99,89,0,0,7.0658
2026-06-17T13:20:11.965Z,83,89,0,0,52.80485
2026-06-17T13:20:42.689Z,83,89,0,1,47.2997
2026-06-17T13:21:12.942Z,83,89,0,6,43.02935
2026-06-17T13:21:43.504Z,82,89,0,0,6.2426
2026-06-17T13:22:14.051Z,83,89,0,0,6.2426
2026-06-17T13:22:44.618Z,82,89,0,0,4.2875
2026-06-17T13:23:15.073Z,82,89,0,0,4.2875
2026-06-17T13:23:45.598Z,82,89,0,0,4.2875
2026-06-17T13:24:15.781Z,82,89,0,0,4.2875
2026-06-17T13:24:46.390Z,81,89,0,0,4.2875
2026-06-17T13:25:16.662Z,81,89,0,0,4.2875
2026-06-17T13:25:47.023Z,82,89,0,0,4.30465
2026-06-17T13:26:17.431Z,82,89,0,0,4.2875
2026-06-17T13:26:47.627Z,80,89,0,0,4.2875
2026-06-17T13:26:51.692Z,10,15,0,0,75
2026-06-17T13:27:17.979Z,80,89,0,0,4.2875
2026-06-17T13:27:48.984Z,79,89,0,0,4.30465
2026-06-17T13:28:20.638Z,79,88,0,0,4.2875
2026-06-17T13:28:51.145Z,79,88,0,0,4.2875
2026-06-17T13:29:21.627Z,79,88,0,0,4.2875
2026-06-17T13:29:51.757Z,79,88,0,0,5.60805
2026-06-17T13:30:22.673Z,78,88,0,0,5.23075
2026-06-17T13:30:53.176Z,77,88,0,0,51.46715
2026-06-17T13:31:23.496Z,76,88,0,0,51.45
2026-06-17T13:31:53.764Z,75,88,0,0,48.14005
2026-06-17T13:32:23.938Z,76,88,0,0,48.58595
2026-06-17T13:32:54.737Z,76,88,0,0,52.25605
2026-06-17T13:33:25.781Z,75,88,0,0,34.5744
2026-06-17T13:33:56.230Z,74,88,0,0,34.35145
2026-06-17T13:34:26.963Z,74,88,0,0,66.2676
2026-06-17T13:34:57.136Z,71,88,0,0,72.11575
2026-06-17T13:35:27.791Z,69,88,0,0,50.0094
2026-06-17T13:35:58.272Z,69,88,0,0,49.51205
2026-06-17T13:36:28.658Z,50,88,0,0,48.5688
2026-06-17T13:36:58.974Z,49,88,0,0,48.9804
2026-06-17T13:37:29.402Z,48,88,0,0,72.66455
2026-06-17T13:37:59.632Z,43,88,0,0,5.7624
2026-06-17T13:39:01.853Z,38,89,0,0,43.74965
2026-06-17T13:44:03.634Z,26,84,20.13273,0,51.5872
2026-06-17T13:46:53.687Z,10,15,0,0,75
2026-06-17T13:52:07.720Z,13,89,20.59795,2,17.20145
2026-06-17T13:52:38.291Z,13,89,20.46231,0,17.1843
2026-06-17T13:53:08.841Z,11,89,19.53698,0,42.92645
2026-06-17T13:53:39.226Z,13,89,20.48187,0,54.07395
2026-06-17T13:54:09.648Z,12,89,19.74035,0,43.1151
2026-06-17T13:54:40.340Z,12,90,19.93279,0,43.06365
2026-06-17T13:55:10.795Z,13,89,20.18139,0,43.02935
2026-06-17T13:55:41.762Z,13,90,19.94793,0,42.89215
2026-06-17T13:56:12.297Z,100,90,20.00129,0,54.0225
2026-06-17T13:56:43.055Z,39,90,20.20108,0,44.3842
2026-06-17T13:57:13.542Z,37,90,19.90102,0,41.3315
2026-06-17T13:57:45.547Z,37,90,20.03693,0,67.38235
2026-06-17T13:59:49.000Z,38,90,19.93905,0,66.0961
2026-06-17T14:00:20.758Z,38,90,20.19498,0,42.875
2026-06-17T14:00:52.081Z,38,90,20.65609,0,8.0948
2026-06-17T14:01:20.153Z,38,90,20.3493,0,8.0948
2026-06-17T14:02:20.241Z,40,85,0,0,50
2026-06-17T14:05:56.681Z,39,82,20.4285,0,8.1291
2026-06-17T14:06:28.176Z,38,84,25.2365,0,6.2426
2026-06-17T14:06:36.463Z,10,15,0,0,75
2026-06-17T14:06:58.880Z,38,84,24.97644,0,6.63705
2026-06-17T14:07:29.275Z,39,84,25.22175,0,6.63705
2026-06-17T14:07:46.376Z,25,50,0,0,100
2026-06-17T14:07:59.902Z,39,83,25.47669,0,6.63705
2026-06-17T14:08:30.433Z,39,82,25.73641,0,6.63705
2026-06-17T14:09:01.165Z,38,84,25.24382,0,6.63705
2026-06-17T14:09:32.149Z,38,85,25.50255,0,6.63705
2026-06-17T14:10:02.571Z,38,86,25.41871,0,6.63705
2026-06-17T14:10:33.096Z,38,87,25.487,0,6.63705
2026-06-17T14:11:03.794Z,38,87,25.11814,0,6.63705
2026-06-17T14:11:34.149Z,38,88,25.11157,0,6.63705
2026-06-17T14:12:09.595Z,38,83,25.90255,0,6.63705
2026-06-17T14:16:33.575Z,38,79,25.81369,0,6.63705
2026-06-17T14:17:03.893Z,38,79,25.86084,0,6.63705
2026-06-17T14:17:33.844Z,39,79,25.67385,0,6.63705
2026-06-17T14:18:04.405Z,38,79,0,0,6.22545
2026-06-17T14:18:35.900Z,38,79,0,0,42.9093
2026-06-17T14:19:06.315Z,37,82,0,0,42.96075
2026-06-17T14:19:36.937Z,37,94,0,0,43.13225
2026-06-17T14:20:07.650Z,38,100,0,0,43.16655
2026-06-17T14:20:38.177Z,100,73,0,0,43.1151
2026-06-17T14:21:09.103Z,77,80,0,0,51.50145
2026-06-17T14:21:39.823Z,76,78,0,0,50.71255
2026-06-17T14:22:10.176Z,76,80,0,0,51.4843
2026-06-17T14:22:40.868Z,75,60,0,0,51.53575
2026-06-17T14:23:11.153Z,76,100,0,0,51.50145
2026-06-17T14:23:41.692Z,75,92,0,0,51.50145
2026-06-17T14:24:12.407Z,74,74,0,0,51.50145
2026-06-17T14:24:43.520Z,74,83,0,0,51.50145
2026-06-17T14:25:14.239Z,73,69,0,0,51.50145
2026-06-17T14:25:44.757Z,74,80,0,0,51.53575
2026-06-17T14:26:15.302Z,73,100,0,0,51.5529
2026-06-17T14:26:46.218Z,73,100,0,0,51.7244
2026-06-17T14:27:17.013Z,73,82,0,0,51.4843
2026-06-17T14:27:47.832Z,72,100,0,0,51.4843
2026-06-17T14:28:18.347Z,73,100,0,0,51.50145
2026-06-17T14:33:58.336Z,71,97,23.61576,0,51.5872
2026-06-17T14:34:29.404Z,71,85,23.70706,0,51.5872
2026-06-18T06:27:04.621Z,7,0,0,1,0
2026-06-18T06:27:35.755Z,6,0,0,9,0
2026-06-18T06:32:20.364Z,8,0,76.69529,0,0
2026-06-18T06:32:51.158Z,8,0,0,0,0
2026-06-18T06:33:21.767Z,86,0,0,0,0
2026-06-18T06:33:52.612Z,7,0,0,0,0
2026-06-18T06:34:23.565Z,7,0,0,0,0
2026-06-18T06:34:54.641Z,7,0,0,0,0
2026-06-18T06:35:25.985Z,7,0,0,0,0
2026-06-18T06:35:56.915Z,8,0,0,0,0
2026-06-18T06:36:27.638Z,7,0,0,0,0
2026-06-18T06:36:58.684Z,7,0,0,0,5.5223
2026-06-18T06:37:29.393Z,7,0,0,0,5.9682
2026-06-18T06:37:59.325Z,7,0,0,0,6.39695
2026-06-18T06:38:29.591Z,8,65,0,0,298.6158
2026-06-18T06:39:01.557Z,8,0,0,0,298.976
2026-06-18T06:39:30.099Z,8,0,0,0,298.873
2026-06-18T06:40:00.746Z,7,0,0,0,298.5129
2026-06-18T06:40:31.882Z,7,0,0,0,298.753
2026-06-18T06:41:02.486Z,8,0,0,0,299.2503
2026-06-18T06:41:32.984Z,7,0,0,0,299.0446
2026-06-18T06:42:03.507Z,7,0,0,0,298.8216
2026-06-18T06:42:34.228Z,8,0,0,0,298.873
2026-06-18T06:43:04.839Z,8,0,0,0,298.7701
2026-06-18T06:43:35.772Z,7,0,0,0,299.1303
2026-06-18T06:44:06.396Z,7,0,0,0,299.3189
2026-06-18T06:44:37.393Z,7,0,0,0,299.9192
2026-06-18T06:45:07.720Z,7,0,0,0,69.78335
2026-06-18T06:45:38.138Z,8,0,0,0,95.43975
2026-06-18T06:46:08.899Z,7,0,0,0,51.63865
